{
  "project_info": {
    "project_number": "44467585605",
    "project_id": "jamesproject-ff099",
    "storage_bucket": "jamesproject-ff099.appspot.com"
  },
  "client": [
    {
      "client_info": {
        "mobilesdk_app_id": "1:44467585605:android:48f935fa7f9a235c3b192c",
        "android_client_info": {
          "package_name": "com.example.myfirebaseapp"
        }
      },
      "oauth_client": [
        {
          "client_id": "44467585605-tt7k5jr1am1i8tgpj3o2pfibp5k2pob0.apps.googleusercontent.com",
          "client_type": 3
        }
      ],
      "api_key": [
        {
          "current_key": "AIzaSyDHWDpBNFl2X9Y2QbzzcuCCViX8BzyUORQ"
        }
      ],
      "services": {
        "appinvite_service": {
          "other_platform_oauth_client": [
            {
              "client_id": "44467585605-tt7k5jr1am1i8tgpj3o2pfibp5k2pob0.apps.googleusercontent.com",
              "client_type": 3
            }
          ]
        }
      }
    }
  ],
  "configuration_version": "1"
}